[
  {
    "name": "Application Start",
    "start": 1552013952627,
    "end": 1552013952800,
    "duration": 173,
    "pid": 15311,
    "index": 0
  },
  {
    "name": "Load Plugin",
    "start": 1552013952629,
    "end": 1552013952634,
    "duration": 5,
    "pid": 15311,
    "index": 1
  },
  {
    "name": "Load Config",
    "start": 1552013952634,
    "end": 1552013952643,
    "duration": 9,
    "pid": 15311,
    "index": 2
  },
  {
    "name": "Require(0) config/config.default.js",
    "start": 1552013952634,
    "end": 1552013952635,
    "duration": 1,
    "pid": 15311,
    "index": 3
  },
  {
    "name": "Require(1) node_modules/_egg-session@3.1.0@egg-session/config/config.default.js",
    "start": 1552013952635,
    "end": 1552013952635,
    "duration": 0,
    "pid": 15311,
    "index": 4
  },
  {
    "name": "Require(2) node_modules/_egg-security@2.4.3@egg-security/config/config.default.js",
    "start": 1552013952635,
    "end": 1552013952635,
    "duration": 0,
    "pid": 15311,
    "index": 5
  },
  {
    "name": "Require(3) node_modules/_egg-jsonp@2.0.0@egg-jsonp/config/config.default.js",
    "start": 1552013952636,
    "end": 1552013952636,
    "duration": 0,
    "pid": 15311,
    "index": 6
  },
  {
    "name": "Require(4) node_modules/_egg-onerror@2.1.0@egg-onerror/config/config.default.js",
    "start": 1552013952636,
    "end": 1552013952636,
    "duration": 0,
    "pid": 15311,
    "index": 7
  },
  {
    "name": "Require(5) node_modules/_egg-i18n@2.0.0@egg-i18n/config/config.default.js",
    "start": 1552013952636,
    "end": 1552013952636,
    "duration": 0,
    "pid": 15311,
    "index": 8
  },
  {
    "name": "Require(6) node_modules/_egg-watcher@3.1.0@egg-watcher/config/config.default.js",
    "start": 1552013952637,
    "end": 1552013952637,
    "duration": 0,
    "pid": 15311,
    "index": 9
  },
  {
    "name": "Require(7) node_modules/_egg-schedule@3.6.0@egg-schedule/config/config.default.js",
    "start": 1552013952637,
    "end": 1552013952637,
    "duration": 0,
    "pid": 15311,
    "index": 10
  },
  {
    "name": "Require(8) node_modules/_egg-multipart@2.4.0@egg-multipart/config/config.default.js",
    "start": 1552013952637,
    "end": 1552013952637,
    "duration": 0,
    "pid": 15311,
    "index": 11
  },
  {
    "name": "Require(9) node_modules/_egg-development@2.4.2@egg-development/config/config.default.js",
    "start": 1552013952638,
    "end": 1552013952638,
    "duration": 0,
    "pid": 15311,
    "index": 12
  },
  {
    "name": "Require(10) node_modules/_egg-logrotator@3.0.5@egg-logrotator/config/config.default.js",
    "start": 1552013952638,
    "end": 1552013952638,
    "duration": 0,
    "pid": 15311,
    "index": 13
  },
  {
    "name": "Require(11) node_modules/_egg-static@2.2.0@egg-static/config/config.default.js",
    "start": 1552013952638,
    "end": 1552013952638,
    "duration": 0,
    "pid": 15311,
    "index": 14
  },
  {
    "name": "Require(12) node_modules/_egg-view@2.1.2@egg-view/config/config.default.js",
    "start": 1552013952638,
    "end": 1552013952638,
    "duration": 0,
    "pid": 15311,
    "index": 15
  },
  {
    "name": "Require(13) node_modules/_egg-view-nunjucks@2.2.0@egg-view-nunjucks/config/config.default.js",
    "start": 1552013952639,
    "end": 1552013952639,
    "duration": 0,
    "pid": 15311,
    "index": 16
  },
  {
    "name": "Require(14) node_modules/_egg-view-ejs@2.0.0@egg-view-ejs/config/config.default.js",
    "start": 1552013952639,
    "end": 1552013952639,
    "duration": 0,
    "pid": 15311,
    "index": 17
  },
  {
    "name": "Require(15) node_modules/_egg-mysql@3.0.0@egg-mysql/config/config.default.js",
    "start": 1552013952639,
    "end": 1552013952639,
    "duration": 0,
    "pid": 15311,
    "index": 18
  },
  {
    "name": "Require(16) node_modules/_egg@2.19.0@egg/config/config.default.js",
    "start": 1552013952639,
    "end": 1552013952639,
    "duration": 0,
    "pid": 15311,
    "index": 19
  },
  {
    "name": "Require(17) config/config.default.js",
    "start": 1552013952640,
    "end": 1552013952642,
    "duration": 2,
    "pid": 15311,
    "index": 20
  },
  {
    "name": "Require(18) node_modules/_egg-security@2.4.3@egg-security/config/config.local.js",
    "start": 1552013952642,
    "end": 1552013952642,
    "duration": 0,
    "pid": 15311,
    "index": 21
  },
  {
    "name": "Require(19) node_modules/_egg-watcher@3.1.0@egg-watcher/config/config.local.js",
    "start": 1552013952642,
    "end": 1552013952643,
    "duration": 1,
    "pid": 15311,
    "index": 22
  },
  {
    "name": "Require(20) node_modules/_egg-view@2.1.2@egg-view/config/config.local.js",
    "start": 1552013952643,
    "end": 1552013952643,
    "duration": 0,
    "pid": 15311,
    "index": 23
  },
  {
    "name": "Require(21) node_modules/_egg-view-nunjucks@2.2.0@egg-view-nunjucks/config/config.local.js",
    "start": 1552013952643,
    "end": 1552013952643,
    "duration": 0,
    "pid": 15311,
    "index": 24
  },
  {
    "name": "Require(22) node_modules/_egg-view-ejs@2.0.0@egg-view-ejs/config/config.local.js",
    "start": 1552013952643,
    "end": 1552013952643,
    "duration": 0,
    "pid": 15311,
    "index": 25
  },
  {
    "name": "Require(23) node_modules/_egg@2.19.0@egg/config/config.local.js",
    "start": 1552013952643,
    "end": 1552013952643,
    "duration": 0,
    "pid": 15311,
    "index": 26
  },
  {
    "name": "Load extend/application.js",
    "start": 1552013952644,
    "end": 1552013952663,
    "duration": 19,
    "pid": 15311,
    "index": 27
  },
  {
    "name": "Require(24) node_modules/_egg-session@3.1.0@egg-session/app/extend/application.js",
    "start": 1552013952644,
    "end": 1552013952644,
    "duration": 0,
    "pid": 15311,
    "index": 28
  },
  {
    "name": "Require(25) node_modules/_egg-security@2.4.3@egg-security/app/extend/application.js",
    "start": 1552013952644,
    "end": 1552013952645,
    "duration": 1,
    "pid": 15311,
    "index": 29
  },
  {
    "name": "Require(26) node_modules/_egg-jsonp@2.0.0@egg-jsonp/app/extend/application.js",
    "start": 1552013952645,
    "end": 1552013952645,
    "duration": 0,
    "pid": 15311,
    "index": 30
  },
  {
    "name": "Require(27) node_modules/_egg-logrotator@3.0.5@egg-logrotator/app/extend/application.js",
    "start": 1552013952645,
    "end": 1552013952646,
    "duration": 1,
    "pid": 15311,
    "index": 31
  },
  {
    "name": "Require(28) node_modules/_egg-view@2.1.2@egg-view/app/extend/application.js",
    "start": 1552013952646,
    "end": 1552013952646,
    "duration": 0,
    "pid": 15311,
    "index": 32
  },
  {
    "name": "Require(29) node_modules/_egg-view-nunjucks@2.2.0@egg-view-nunjucks/app/extend/application.js",
    "start": 1552013952646,
    "end": 1552013952663,
    "duration": 17,
    "pid": 15311,
    "index": 33
  },
  {
    "name": "Load extend/request.js",
    "start": 1552013952663,
    "end": 1552013952664,
    "duration": 1,
    "pid": 15311,
    "index": 34
  },
  {
    "name": "Require(30) node_modules/_egg@2.19.0@egg/app/extend/request.js",
    "start": 1552013952663,
    "end": 1552013952664,
    "duration": 1,
    "pid": 15311,
    "index": 35
  },
  {
    "name": "Load extend/response.js",
    "start": 1552013952664,
    "end": 1552013952665,
    "duration": 1,
    "pid": 15311,
    "index": 36
  },
  {
    "name": "Require(31) node_modules/_egg@2.19.0@egg/app/extend/response.js",
    "start": 1552013952664,
    "end": 1552013952665,
    "duration": 1,
    "pid": 15311,
    "index": 37
  },
  {
    "name": "Load extend/context.js",
    "start": 1552013952665,
    "end": 1552013952689,
    "duration": 24,
    "pid": 15311,
    "index": 38
  },
  {
    "name": "Require(32) node_modules/_egg-security@2.4.3@egg-security/app/extend/context.js",
    "start": 1552013952665,
    "end": 1552013952668,
    "duration": 3,
    "pid": 15311,
    "index": 39
  },
  {
    "name": "Require(33) node_modules/_egg-jsonp@2.0.0@egg-jsonp/app/extend/context.js",
    "start": 1552013952668,
    "end": 1552013952668,
    "duration": 0,
    "pid": 15311,
    "index": 40
  },
  {
    "name": "Require(34) node_modules/_egg-i18n@2.0.0@egg-i18n/app/extend/context.js",
    "start": 1552013952668,
    "end": 1552013952668,
    "duration": 0,
    "pid": 15311,
    "index": 41
  },
  {
    "name": "Require(35) node_modules/_egg-multipart@2.4.0@egg-multipart/app/extend/context.js",
    "start": 1552013952668,
    "end": 1552013952688,
    "duration": 20,
    "pid": 15311,
    "index": 42
  },
  {
    "name": "Require(36) node_modules/_egg-view@2.1.2@egg-view/app/extend/context.js",
    "start": 1552013952688,
    "end": 1552013952688,
    "duration": 0,
    "pid": 15311,
    "index": 43
  },
  {
    "name": "Require(37) node_modules/_egg@2.19.0@egg/app/extend/context.js",
    "start": 1552013952688,
    "end": 1552013952689,
    "duration": 1,
    "pid": 15311,
    "index": 44
  },
  {
    "name": "Load extend/helper.js",
    "start": 1552013952689,
    "end": 1552013952695,
    "duration": 6,
    "pid": 15311,
    "index": 45
  },
  {
    "name": "Require(38) node_modules/_egg-security@2.4.3@egg-security/app/extend/helper.js",
    "start": 1552013952689,
    "end": 1552013952694,
    "duration": 5,
    "pid": 15311,
    "index": 46
  },
  {
    "name": "Require(39) node_modules/_egg@2.19.0@egg/app/extend/helper.js",
    "start": 1552013952694,
    "end": 1552013952695,
    "duration": 1,
    "pid": 15311,
    "index": 47
  },
  {
    "name": "Load app.js",
    "start": 1552013952695,
    "end": 1552013952708,
    "duration": 13,
    "pid": 15311,
    "index": 48
  },
  {
    "name": "Require(40) node_modules/_egg-session@3.1.0@egg-session/app.js",
    "start": 1552013952695,
    "end": 1552013952695,
    "duration": 0,
    "pid": 15311,
    "index": 49
  },
  {
    "name": "Require(41) node_modules/_egg-security@2.4.3@egg-security/app.js",
    "start": 1552013952695,
    "end": 1552013952696,
    "duration": 1,
    "pid": 15311,
    "index": 50
  },
  {
    "name": "Require(42) node_modules/_egg-onerror@2.1.0@egg-onerror/app.js",
    "start": 1552013952696,
    "end": 1552013952698,
    "duration": 2,
    "pid": 15311,
    "index": 51
  },
  {
    "name": "Require(43) node_modules/_egg-i18n@2.0.0@egg-i18n/app.js",
    "start": 1552013952699,
    "end": 1552013952700,
    "duration": 1,
    "pid": 15311,
    "index": 52
  },
  {
    "name": "Require(44) node_modules/_egg-watcher@3.1.0@egg-watcher/app.js",
    "start": 1552013952700,
    "end": 1552013952701,
    "duration": 1,
    "pid": 15311,
    "index": 53
  },
  {
    "name": "Require(45) node_modules/_egg-schedule@3.6.0@egg-schedule/app.js",
    "start": 1552013952701,
    "end": 1552013952702,
    "duration": 1,
    "pid": 15311,
    "index": 54
  },
  {
    "name": "Require(46) node_modules/_egg-multipart@2.4.0@egg-multipart/app.js",
    "start": 1552013952702,
    "end": 1552013952702,
    "duration": 0,
    "pid": 15311,
    "index": 55
  },
  {
    "name": "Require(47) node_modules/_egg-development@2.4.2@egg-development/app.js",
    "start": 1552013952702,
    "end": 1552013952702,
    "duration": 0,
    "pid": 15311,
    "index": 56
  },
  {
    "name": "Require(48) node_modules/_egg-logrotator@3.0.5@egg-logrotator/app.js",
    "start": 1552013952703,
    "end": 1552013952703,
    "duration": 0,
    "pid": 15311,
    "index": 57
  },
  {
    "name": "Require(49) node_modules/_egg-static@2.2.0@egg-static/app.js",
    "start": 1552013952703,
    "end": 1552013952703,
    "duration": 0,
    "pid": 15311,
    "index": 58
  },
  {
    "name": "Require(50) node_modules/_egg-view-nunjucks@2.2.0@egg-view-nunjucks/app.js",
    "start": 1552013952703,
    "end": 1552013952703,
    "duration": 0,
    "pid": 15311,
    "index": 59
  },
  {
    "name": "Require(51) node_modules/_egg-view-ejs@2.0.0@egg-view-ejs/app.js",
    "start": 1552013952703,
    "end": 1552013952703,
    "duration": 0,
    "pid": 15311,
    "index": 60
  },
  {
    "name": "Require(52) node_modules/_egg-mysql@3.0.0@egg-mysql/app.js",
    "start": 1552013952703,
    "end": 1552013952707,
    "duration": 4,
    "pid": 15311,
    "index": 61
  },
  {
    "name": "Before Start in node_modules/_egg-watcher@3.1.0@egg-watcher/lib/init.js:15:14",
    "start": 1552013952714,
    "end": 1552013952798,
    "duration": 84,
    "pid": 15311,
    "index": 62
  },
  {
    "name": "Before Start in node_modules/_egg-mysql@3.0.0@egg-mysql/lib/mysql.js:20:7",
    "start": 1552013952755,
    "end": 1552013952800,
    "duration": 45,
    "pid": 15311,
    "index": 63
  },
  {
    "name": "Load Service",
    "start": 1552013952755,
    "end": 1552013952757,
    "duration": 2,
    "pid": 15311,
    "index": 64
  },
  {
    "name": "Load \"service\" to Context",
    "start": 1552013952755,
    "end": 1552013952757,
    "duration": 2,
    "pid": 15311,
    "index": 65
  },
  {
    "name": "Load Middleware",
    "start": 1552013952758,
    "end": 1552013952782,
    "duration": 24,
    "pid": 15311,
    "index": 66
  },
  {
    "name": "Load \"middlewares\" to Application",
    "start": 1552013952758,
    "end": 1552013952778,
    "duration": 20,
    "pid": 15311,
    "index": 67
  },
  {
    "name": "Load Controller",
    "start": 1552013952782,
    "end": 1552013952783,
    "duration": 1,
    "pid": 15311,
    "index": 68
  },
  {
    "name": "Load \"controller\" to Application",
    "start": 1552013952782,
    "end": 1552013952783,
    "duration": 1,
    "pid": 15311,
    "index": 69
  },
  {
    "name": "Load Router",
    "start": 1552013952783,
    "end": 1552013952784,
    "duration": 1,
    "pid": 15311,
    "index": 70
  },
  {
    "name": "Require(53) app/router.js",
    "start": 1552013952783,
    "end": 1552013952783,
    "duration": 0,
    "pid": 15311,
    "index": 71
  },
  {
    "name": "Before Start in node_modules/_egg-core@4.14.1@egg-core/lib/egg.js:303:10",
    "start": 1552013952783,
    "end": 1552013952791,
    "duration": 8,
    "pid": 15311,
    "index": 72
  }
]