[
  {
    "name": "Application Start",
    "start": 1552014048864,
    "end": 1552014049034,
    "duration": 170,
    "pid": 15492,
    "index": 0
  },
  {
    "name": "Load Plugin",
    "start": 1552014048865,
    "end": 1552014048870,
    "duration": 5,
    "pid": 15492,
    "index": 1
  },
  {
    "name": "Load Config",
    "start": 1552014048870,
    "end": 1552014048877,
    "duration": 7,
    "pid": 15492,
    "index": 2
  },
  {
    "name": "Require(0) config/config.default.js",
    "start": 1552014048870,
    "end": 1552014048871,
    "duration": 1,
    "pid": 15492,
    "index": 3
  },
  {
    "name": "Require(1) node_modules/_egg-session@3.1.0@egg-session/config/config.default.js",
    "start": 1552014048871,
    "end": 1552014048871,
    "duration": 0,
    "pid": 15492,
    "index": 4
  },
  {
    "name": "Require(2) node_modules/_egg-security@2.4.3@egg-security/config/config.default.js",
    "start": 1552014048871,
    "end": 1552014048871,
    "duration": 0,
    "pid": 15492,
    "index": 5
  },
  {
    "name": "Require(3) node_modules/_egg-jsonp@2.0.0@egg-jsonp/config/config.default.js",
    "start": 1552014048872,
    "end": 1552014048872,
    "duration": 0,
    "pid": 15492,
    "index": 6
  },
  {
    "name": "Require(4) node_modules/_egg-onerror@2.1.0@egg-onerror/config/config.default.js",
    "start": 1552014048872,
    "end": 1552014048872,
    "duration": 0,
    "pid": 15492,
    "index": 7
  },
  {
    "name": "Require(5) node_modules/_egg-i18n@2.0.0@egg-i18n/config/config.default.js",
    "start": 1552014048872,
    "end": 1552014048872,
    "duration": 0,
    "pid": 15492,
    "index": 8
  },
  {
    "name": "Require(6) node_modules/_egg-watcher@3.1.0@egg-watcher/config/config.default.js",
    "start": 1552014048873,
    "end": 1552014048873,
    "duration": 0,
    "pid": 15492,
    "index": 9
  },
  {
    "name": "Require(7) node_modules/_egg-schedule@3.6.0@egg-schedule/config/config.default.js",
    "start": 1552014048873,
    "end": 1552014048873,
    "duration": 0,
    "pid": 15492,
    "index": 10
  },
  {
    "name": "Require(8) node_modules/_egg-multipart@2.4.0@egg-multipart/config/config.default.js",
    "start": 1552014048873,
    "end": 1552014048873,
    "duration": 0,
    "pid": 15492,
    "index": 11
  },
  {
    "name": "Require(9) node_modules/_egg-development@2.4.2@egg-development/config/config.default.js",
    "start": 1552014048874,
    "end": 1552014048874,
    "duration": 0,
    "pid": 15492,
    "index": 12
  },
  {
    "name": "Require(10) node_modules/_egg-logrotator@3.0.5@egg-logrotator/config/config.default.js",
    "start": 1552014048874,
    "end": 1552014048874,
    "duration": 0,
    "pid": 15492,
    "index": 13
  },
  {
    "name": "Require(11) node_modules/_egg-static@2.2.0@egg-static/config/config.default.js",
    "start": 1552014048874,
    "end": 1552014048874,
    "duration": 0,
    "pid": 15492,
    "index": 14
  },
  {
    "name": "Require(12) node_modules/_egg-view@2.1.2@egg-view/config/config.default.js",
    "start": 1552014048874,
    "end": 1552014048874,
    "duration": 0,
    "pid": 15492,
    "index": 15
  },
  {
    "name": "Require(13) node_modules/_egg-view-nunjucks@2.2.0@egg-view-nunjucks/config/config.default.js",
    "start": 1552014048874,
    "end": 1552014048875,
    "duration": 1,
    "pid": 15492,
    "index": 16
  },
  {
    "name": "Require(14) node_modules/_egg-view-ejs@2.0.0@egg-view-ejs/config/config.default.js",
    "start": 1552014048875,
    "end": 1552014048875,
    "duration": 0,
    "pid": 15492,
    "index": 17
  },
  {
    "name": "Require(15) node_modules/_egg-mysql@3.0.0@egg-mysql/config/config.default.js",
    "start": 1552014048875,
    "end": 1552014048875,
    "duration": 0,
    "pid": 15492,
    "index": 18
  },
  {
    "name": "Require(16) node_modules/_egg@2.19.0@egg/config/config.default.js",
    "start": 1552014048875,
    "end": 1552014048875,
    "duration": 0,
    "pid": 15492,
    "index": 19
  },
  {
    "name": "Require(17) config/config.default.js",
    "start": 1552014048876,
    "end": 1552014048876,
    "duration": 0,
    "pid": 15492,
    "index": 20
  },
  {
    "name": "Require(18) node_modules/_egg-security@2.4.3@egg-security/config/config.local.js",
    "start": 1552014048876,
    "end": 1552014048876,
    "duration": 0,
    "pid": 15492,
    "index": 21
  },
  {
    "name": "Require(19) node_modules/_egg-watcher@3.1.0@egg-watcher/config/config.local.js",
    "start": 1552014048877,
    "end": 1552014048877,
    "duration": 0,
    "pid": 15492,
    "index": 22
  },
  {
    "name": "Require(20) node_modules/_egg-view@2.1.2@egg-view/config/config.local.js",
    "start": 1552014048877,
    "end": 1552014048877,
    "duration": 0,
    "pid": 15492,
    "index": 23
  },
  {
    "name": "Require(21) node_modules/_egg-view-nunjucks@2.2.0@egg-view-nunjucks/config/config.local.js",
    "start": 1552014048877,
    "end": 1552014048877,
    "duration": 0,
    "pid": 15492,
    "index": 24
  },
  {
    "name": "Require(22) node_modules/_egg-view-ejs@2.0.0@egg-view-ejs/config/config.local.js",
    "start": 1552014048877,
    "end": 1552014048877,
    "duration": 0,
    "pid": 15492,
    "index": 25
  },
  {
    "name": "Require(23) node_modules/_egg@2.19.0@egg/config/config.local.js",
    "start": 1552014048877,
    "end": 1552014048877,
    "duration": 0,
    "pid": 15492,
    "index": 26
  },
  {
    "name": "Load extend/application.js",
    "start": 1552014048878,
    "end": 1552014048899,
    "duration": 21,
    "pid": 15492,
    "index": 27
  },
  {
    "name": "Require(24) node_modules/_egg-session@3.1.0@egg-session/app/extend/application.js",
    "start": 1552014048878,
    "end": 1552014048879,
    "duration": 1,
    "pid": 15492,
    "index": 28
  },
  {
    "name": "Require(25) node_modules/_egg-security@2.4.3@egg-security/app/extend/application.js",
    "start": 1552014048879,
    "end": 1552014048879,
    "duration": 0,
    "pid": 15492,
    "index": 29
  },
  {
    "name": "Require(26) node_modules/_egg-jsonp@2.0.0@egg-jsonp/app/extend/application.js",
    "start": 1552014048879,
    "end": 1552014048879,
    "duration": 0,
    "pid": 15492,
    "index": 30
  },
  {
    "name": "Require(27) node_modules/_egg-logrotator@3.0.5@egg-logrotator/app/extend/application.js",
    "start": 1552014048880,
    "end": 1552014048880,
    "duration": 0,
    "pid": 15492,
    "index": 31
  },
  {
    "name": "Require(28) node_modules/_egg-view@2.1.2@egg-view/app/extend/application.js",
    "start": 1552014048880,
    "end": 1552014048881,
    "duration": 1,
    "pid": 15492,
    "index": 32
  },
  {
    "name": "Require(29) node_modules/_egg-view-nunjucks@2.2.0@egg-view-nunjucks/app/extend/application.js",
    "start": 1552014048881,
    "end": 1552014048899,
    "duration": 18,
    "pid": 15492,
    "index": 33
  },
  {
    "name": "Load extend/request.js",
    "start": 1552014048899,
    "end": 1552014048903,
    "duration": 4,
    "pid": 15492,
    "index": 34
  },
  {
    "name": "Require(30) node_modules/_egg@2.19.0@egg/app/extend/request.js",
    "start": 1552014048900,
    "end": 1552014048903,
    "duration": 3,
    "pid": 15492,
    "index": 35
  },
  {
    "name": "Load extend/response.js",
    "start": 1552014048903,
    "end": 1552014048904,
    "duration": 1,
    "pid": 15492,
    "index": 36
  },
  {
    "name": "Require(31) node_modules/_egg@2.19.0@egg/app/extend/response.js",
    "start": 1552014048903,
    "end": 1552014048904,
    "duration": 1,
    "pid": 15492,
    "index": 37
  },
  {
    "name": "Load extend/context.js",
    "start": 1552014048904,
    "end": 1552014048927,
    "duration": 23,
    "pid": 15492,
    "index": 38
  },
  {
    "name": "Require(32) node_modules/_egg-security@2.4.3@egg-security/app/extend/context.js",
    "start": 1552014048904,
    "end": 1552014048906,
    "duration": 2,
    "pid": 15492,
    "index": 39
  },
  {
    "name": "Require(33) node_modules/_egg-jsonp@2.0.0@egg-jsonp/app/extend/context.js",
    "start": 1552014048906,
    "end": 1552014048907,
    "duration": 1,
    "pid": 15492,
    "index": 40
  },
  {
    "name": "Require(34) node_modules/_egg-i18n@2.0.0@egg-i18n/app/extend/context.js",
    "start": 1552014048907,
    "end": 1552014048907,
    "duration": 0,
    "pid": 15492,
    "index": 41
  },
  {
    "name": "Require(35) node_modules/_egg-multipart@2.4.0@egg-multipart/app/extend/context.js",
    "start": 1552014048907,
    "end": 1552014048926,
    "duration": 19,
    "pid": 15492,
    "index": 42
  },
  {
    "name": "Require(36) node_modules/_egg-view@2.1.2@egg-view/app/extend/context.js",
    "start": 1552014048926,
    "end": 1552014048926,
    "duration": 0,
    "pid": 15492,
    "index": 43
  },
  {
    "name": "Require(37) node_modules/_egg@2.19.0@egg/app/extend/context.js",
    "start": 1552014048926,
    "end": 1552014048927,
    "duration": 1,
    "pid": 15492,
    "index": 44
  },
  {
    "name": "Load extend/helper.js",
    "start": 1552014048927,
    "end": 1552014048932,
    "duration": 5,
    "pid": 15492,
    "index": 45
  },
  {
    "name": "Require(38) node_modules/_egg-security@2.4.3@egg-security/app/extend/helper.js",
    "start": 1552014048927,
    "end": 1552014048932,
    "duration": 5,
    "pid": 15492,
    "index": 46
  },
  {
    "name": "Require(39) node_modules/_egg@2.19.0@egg/app/extend/helper.js",
    "start": 1552014048932,
    "end": 1552014048932,
    "duration": 0,
    "pid": 15492,
    "index": 47
  },
  {
    "name": "Load app.js",
    "start": 1552014048932,
    "end": 1552014048943,
    "duration": 11,
    "pid": 15492,
    "index": 48
  },
  {
    "name": "Require(40) node_modules/_egg-session@3.1.0@egg-session/app.js",
    "start": 1552014048932,
    "end": 1552014048932,
    "duration": 0,
    "pid": 15492,
    "index": 49
  },
  {
    "name": "Require(41) node_modules/_egg-security@2.4.3@egg-security/app.js",
    "start": 1552014048933,
    "end": 1552014048933,
    "duration": 0,
    "pid": 15492,
    "index": 50
  },
  {
    "name": "Require(42) node_modules/_egg-onerror@2.1.0@egg-onerror/app.js",
    "start": 1552014048933,
    "end": 1552014048936,
    "duration": 3,
    "pid": 15492,
    "index": 51
  },
  {
    "name": "Require(43) node_modules/_egg-i18n@2.0.0@egg-i18n/app.js",
    "start": 1552014048936,
    "end": 1552014048937,
    "duration": 1,
    "pid": 15492,
    "index": 52
  },
  {
    "name": "Require(44) node_modules/_egg-watcher@3.1.0@egg-watcher/app.js",
    "start": 1552014048937,
    "end": 1552014048938,
    "duration": 1,
    "pid": 15492,
    "index": 53
  },
  {
    "name": "Require(45) node_modules/_egg-schedule@3.6.0@egg-schedule/app.js",
    "start": 1552014048938,
    "end": 1552014048939,
    "duration": 1,
    "pid": 15492,
    "index": 54
  },
  {
    "name": "Require(46) node_modules/_egg-multipart@2.4.0@egg-multipart/app.js",
    "start": 1552014048939,
    "end": 1552014048939,
    "duration": 0,
    "pid": 15492,
    "index": 55
  },
  {
    "name": "Require(47) node_modules/_egg-development@2.4.2@egg-development/app.js",
    "start": 1552014048939,
    "end": 1552014048940,
    "duration": 1,
    "pid": 15492,
    "index": 56
  },
  {
    "name": "Require(48) node_modules/_egg-logrotator@3.0.5@egg-logrotator/app.js",
    "start": 1552014048940,
    "end": 1552014048940,
    "duration": 0,
    "pid": 15492,
    "index": 57
  },
  {
    "name": "Require(49) node_modules/_egg-static@2.2.0@egg-static/app.js",
    "start": 1552014048940,
    "end": 1552014048940,
    "duration": 0,
    "pid": 15492,
    "index": 58
  },
  {
    "name": "Require(50) node_modules/_egg-view-nunjucks@2.2.0@egg-view-nunjucks/app.js",
    "start": 1552014048940,
    "end": 1552014048940,
    "duration": 0,
    "pid": 15492,
    "index": 59
  },
  {
    "name": "Require(51) node_modules/_egg-view-ejs@2.0.0@egg-view-ejs/app.js",
    "start": 1552014048940,
    "end": 1552014048940,
    "duration": 0,
    "pid": 15492,
    "index": 60
  },
  {
    "name": "Require(52) node_modules/_egg-mysql@3.0.0@egg-mysql/app.js",
    "start": 1552014048940,
    "end": 1552014048943,
    "duration": 3,
    "pid": 15492,
    "index": 61
  },
  {
    "name": "Before Start in node_modules/_egg-watcher@3.1.0@egg-watcher/lib/init.js:15:14",
    "start": 1552014048949,
    "end": 1552014049031,
    "duration": 82,
    "pid": 15492,
    "index": 62
  },
  {
    "name": "Before Start in node_modules/_egg-mysql@3.0.0@egg-mysql/lib/mysql.js:20:7",
    "start": 1552014048990,
    "end": 1552014049034,
    "duration": 44,
    "pid": 15492,
    "index": 63
  },
  {
    "name": "Load Service",
    "start": 1552014048990,
    "end": 1552014048992,
    "duration": 2,
    "pid": 15492,
    "index": 64
  },
  {
    "name": "Load \"service\" to Context",
    "start": 1552014048990,
    "end": 1552014048992,
    "duration": 2,
    "pid": 15492,
    "index": 65
  },
  {
    "name": "Load Middleware",
    "start": 1552014048992,
    "end": 1552014049016,
    "duration": 24,
    "pid": 15492,
    "index": 66
  },
  {
    "name": "Load \"middlewares\" to Application",
    "start": 1552014048993,
    "end": 1552014049011,
    "duration": 18,
    "pid": 15492,
    "index": 67
  },
  {
    "name": "Load Controller",
    "start": 1552014049016,
    "end": 1552014049017,
    "duration": 1,
    "pid": 15492,
    "index": 68
  },
  {
    "name": "Load \"controller\" to Application",
    "start": 1552014049016,
    "end": 1552014049017,
    "duration": 1,
    "pid": 15492,
    "index": 69
  },
  {
    "name": "Load Router",
    "start": 1552014049017,
    "end": 1552014049018,
    "duration": 1,
    "pid": 15492,
    "index": 70
  },
  {
    "name": "Require(53) app/router.js",
    "start": 1552014049017,
    "end": 1552014049017,
    "duration": 0,
    "pid": 15492,
    "index": 71
  },
  {
    "name": "Before Start in node_modules/_egg-core@4.14.1@egg-core/lib/egg.js:303:10",
    "start": 1552014049017,
    "end": 1552014049024,
    "duration": 7,
    "pid": 15492,
    "index": 72
  }
]