{
  "config": {
    "session": {
      "maxAge": 86400000,
      "key": "EGG_SESS",
      "httpOnly": true,
      "encrypt": true,
      "overwrite": true,
      "signed": true,
      "autoCommit": true,
      "encode": "<Function encode>",
      "decode": "<Function decode>",
      "genid": "<Function anonymous>"
    },
    "security": {
      "domainWhiteList": [],
      "protocolWhiteList": [],
      "defaultMiddleware": "csrf,hsts,methodnoallow,noopen,nosniff,csp,xssProtection,xframe,dta",
      "csrf": {
        "enable": false,
        "useSession": false,
        "ignoreJSON": false,
        "cookieName": "csrfToken",
        "sessionName": "csrfToken",
        "headerName": "x-csrf-token",
        "bodyName": "_csrf",
        "queryName": "_csrf"
      },
      "xframe": {
        "enable": true,
        "value": "SAMEORIGIN",
        "matching": "<Function anonymous>"
      },
      "hsts": {
        "enable": false,
        "maxAge": 31536000,
        "includeSubdomains": false
      },
      "dta": {
        "enable": true,
        "matching": "<Function anonymous>"
      },
      "methodnoallow": {
        "enable": true,
        "matching": "<Function anonymous>"
      },
      "noopen": {
        "enable": true,
        "matching": "<Function anonymous>"
      },
      "nosniff": {
        "enable": true,
        "matching": "<Function anonymous>"
      },
      "referrerPolicy": {
        "enable": false,
        "value": "no-referrer-when-downgrade"
      },
      "xssProtection": {
        "enable": true,
        "value": "1; mode=block",
        "matching": "<Function anonymous>"
      },
      "csp": {
        "enable": false,
        "policy": {}
      },
      "ssrf": {
        "ipBlackList": null,
        "checkAddress": null
      },
      "_protocolWhiteListSet": "<Set>"
    },
    "helper": {
      "shtml": {}
    },
    "jsonp": {
      "limit": 50,
      "callback": [
        "_callback",
        "callback"
      ],
      "csrf": false
    },
    "onerror": {
      "errorPageUrl": "",
      "appErrorFilter": null,
      "templatePath": "/home/sue/NodeProject/EggDemo/demo/node_modules/_egg-onerror@2.1.0@egg-onerror/lib/onerror_page.mustache"
    },
    "i18n": {
      "defaultLocale": "en_US",
      "dirs": [
        "/home/sue/NodeProject/EggDemo/demo/node_modules/_egg-session@3.1.0@egg-session/config/locales",
        "/home/sue/NodeProject/EggDemo/demo/node_modules/_egg-security@2.4.3@egg-security/config/locales",
        "/home/sue/NodeProject/EggDemo/demo/node_modules/_egg-jsonp@2.0.0@egg-jsonp/config/locales",
        "/home/sue/NodeProject/EggDemo/demo/node_modules/_egg-onerror@2.1.0@egg-onerror/config/locales",
        "/home/sue/NodeProject/EggDemo/demo/node_modules/_egg-i18n@2.0.0@egg-i18n/config/locales",
        "/home/sue/NodeProject/EggDemo/demo/node_modules/_egg-watcher@3.1.0@egg-watcher/config/locales",
        "/home/sue/NodeProject/EggDemo/demo/node_modules/_egg-schedule@3.6.0@egg-schedule/config/locales",
        "/home/sue/NodeProject/EggDemo/demo/node_modules/_egg-multipart@2.4.0@egg-multipart/config/locales",
        "/home/sue/NodeProject/EggDemo/demo/node_modules/_egg-development@2.4.2@egg-development/config/locales",
        "/home/sue/NodeProject/EggDemo/demo/node_modules/_egg-logrotator@3.0.5@egg-logrotator/config/locales",
        "/home/sue/NodeProject/EggDemo/demo/node_modules/_egg-static@2.2.0@egg-static/config/locales",
        "/home/sue/NodeProject/EggDemo/demo/node_modules/_egg-view@2.1.2@egg-view/config/locales",
        "/home/sue/NodeProject/EggDemo/demo/node_modules/_egg-view-nunjucks@2.2.0@egg-view-nunjucks/config/locales",
        "/home/sue/NodeProject/EggDemo/demo/node_modules/_egg-view-ejs@2.0.0@egg-view-ejs/config/locales",
        "/home/sue/NodeProject/EggDemo/demo/node_modules/_egg-mysql@3.0.0@egg-mysql/config/locales",
        "/home/sue/NodeProject/EggDemo/demo/node_modules/_egg@2.19.0@egg/config/locales",
        "/home/sue/NodeProject/EggDemo/demo/config/locales"
      ],
      "queryField": "locale",
      "cookieField": "locale",
      "cookieMaxAge": "1y",
      "functionName": "__"
    },
    "watcher": {
      "type": "development",
      "eventSources": {
        "default": "/home/sue/NodeProject/EggDemo/demo/node_modules/_egg-watcher@3.1.0@egg-watcher/lib/event-sources/default",
        "development": "/home/sue/NodeProject/EggDemo/demo/node_modules/_egg-watcher@3.1.0@egg-watcher/lib/event-sources/development"
      }
    },
    "customLogger": {
      "scheduleLogger": {
        "consoleLevel": "NONE",
        "file": "/home/sue/NodeProject/EggDemo/demo/logs/demo/egg-schedule.log"
      }
    },
    "schedule": {
      "directory": []
    },
    "multipart": {
      "mode": "stream",
      "autoFields": false,
      "defaultCharset": "utf8",
      "fieldNameSize": 100,
      "fieldSize": 102400,
      "fields": 10,
      "fileSize": 10485760,
      "files": 10,
      "fileExtensions": [],
      "whitelist": null,
      "tmpdir": "/tmp/egg-multipart-tmp/demo",
      "cleanSchedule": {
        "cron": "0 30 4 * * *"
      }
    },
    "development": {
      "watchDirs": [],
      "ignoreDirs": [],
      "fastReady": false,
      "reloadOnDebug": true,
      "overrideDefault": false
    },
    "logrotator": {
      "filesRotateByHour": null,
      "hourDelimiter": "-",
      "filesRotateBySize": null,
      "maxFileSize": 52428800,
      "maxFiles": 10,
      "rotateDuration": 60000,
      "maxDays": 31
    },
    "static": {
      "prefix": "/public/",
      "dir": "/home/sue/NodeProject/EggDemo/demo/app/public",
      "dynamic": true,
      "preload": false,
      "buffer": false,
      "maxFiles": 1000
    },
    "view": {
      "root": [
        "/home/sue/NodeProject/EggDemo/demo/app/view"
      ],
      "cache": false,
      "defaultExtension": ".html",
      "defaultViewEngine": "",
      "mapping": {
        ".html": "ejs"
      }
    },
    "nunjucks": {
      "autoescape": true,
      "throwOnUndefined": false,
      "trimBlocks": false,
      "lstripBlocks": false,
      "cache": false
    },
    "ejs": {
      "root": "/home/sue/NodeProject/EggDemo/demo/app/view",
      "cache": false,
      "debug": false,
      "compileDebug": true,
      "delimiter": null,
      "strict": false
    },
    "mysql": {
      "default": {
        "database": null,
        "connectionLimit": 5
      },
      "app": true,
      "agent": false,
      "client": {
        "host": "192.168.167.97",
        "port": "3306",
        "user": "root",
        "password": "<String len: 6>",
        "database": "douban"
      }
    },
    "env": "local",
    "name": "demo",
    "keys": "<String len: 3>",
    "proxy": false,
    "protocolHeaders": "x-forwarded-proto",
    "ipHeaders": "x-forwarded-for",
    "hostHeaders": "",
    "pkg": {
      "name": "demo",
      "version": "1.0.0",
      "description": "",
      "main": "index.js",
      "scripts": {
        "test": "echo \"Error: no test specified\" && exit 1",
        "dev": "egg-bin dev"
      },
      "author": "sue",
      "license": "ISC",
      "dependencies": {
        "egg": "^2.19.0",
        "egg-mysql": "^3.0.0",
        "egg-view-ejs": "^2.0.0",
        "egg-view-nunjucks": "^2.2.0",
        "mz": "^2.7.0",
        "mz-modules": "^2.1.0"
      },
      "devDependencies": {
        "egg-bin": "^4.11.0"
      }
    },
    "baseDir": "/home/sue/NodeProject/EggDemo/demo",
    "HOME": "/home/sue",
    "rundir": "/home/sue/NodeProject/EggDemo/demo/run",
    "dump": {
      "ignore": "<Set>"
    },
    "confusedConfigurations": {
      "bodyparser": "bodyParser",
      "notFound": "notfound",
      "sitefile": "siteFile",
      "middlewares": "middleware",
      "httpClient": "httpclient"
    },
    "notfound": {
      "pageUrl": ""
    },
    "siteFile": {
      "/favicon.ico": "<Buffer len: 6463>"
    },
    "bodyParser": {
      "enable": true,
      "encoding": "utf8",
      "formLimit": "100kb",
      "jsonLimit": "100kb",
      "strict": true,
      "queryString": {
        "arrayLimit": 100,
        "depth": 5,
        "parameterLimit": 1000
      },
      "returnRawBody": true
    },
    "logger": {
      "dir": "/home/sue/NodeProject/EggDemo/demo/logs/demo",
      "encoding": "utf8",
      "env": "local",
      "level": "INFO",
      "consoleLevel": "INFO",
      "disableConsoleAfterReady": false,
      "outputJSON": false,
      "buffer": true,
      "appLogName": "demo-web.log",
      "coreLogName": "egg-web.log",
      "agentLogName": "egg-agent.log",
      "errorLogName": "common-error.log",
      "coreLogger": {
        "consoleLevel": "WARN"
      },
      "allowDebugAtProd": false,
      "type": "application"
    },
    "httpclient": {
      "enableDNSCache": false,
      "dnsCacheLookupInterval": 10000,
      "dnsCacheMaxLength": 1000,
      "request": {
        "timeout": 5000
      },
      "httpAgent": {
        "keepAlive": true,
        "freeSocketTimeout": 4000,
        "maxSockets": 9007199254740991,
        "maxFreeSockets": 256
      },
      "httpsAgent": {
        "keepAlive": true,
        "freeSocketTimeout": 4000,
        "maxSockets": 9007199254740991,
        "maxFreeSockets": 256
      }
    },
    "meta": {
      "enable": true,
      "logging": false
    },
    "coreMiddleware": [
      "meta",
      "siteFile",
      "notfound",
      "static",
      "bodyParser",
      "overrideMethod",
      "session",
      "securities",
      "i18n",
      "eggLoaderTrace"
    ],
    "workerStartTimeout": 600000,
    "serverTimeout": null,
    "cluster": {
      "listen": {
        "path": "",
        "port": 7001,
        "hostname": ""
      }
    },
    "clusterClient": {
      "maxWaitTime": 60000,
      "responseTimeout": 60000
    },
    "onClientError": null,
    "middleware": [
      "validateLogin"
    ],
    "validateLogin": {
      "ignore": "<Function ignore>"
    },
    "coreMiddlewares": "~config~coreMiddleware",
    "appMiddlewares": "~config~middleware",
    "appMiddleware": "~config~middleware",
    "multipartParseOptions": {
      "autoFields": false,
      "defCharset": "utf8",
      "limits": {
        "fieldNameSize": 100,
        "fieldSize": 102400,
        "fields": 10,
        "fileSize": 10485760,
        "files": 10
      },
      "checkFile": "<Function checkFile>"
    }
  },
  "plugins": {
    "session": {
      "enable": true,
      "package": "egg-session",
      "name": "session",
      "dependencies": [],
      "optionalDependencies": [],
      "env": [],
      "from": "/home/sue/NodeProject/EggDemo/demo/node_modules/_egg@2.19.0@egg/config/plugin.js",
      "path": "/home/sue/NodeProject/EggDemo/demo/node_modules/_egg-session@3.1.0@egg-session",
      "version": "3.1.0"
    },
    "security": {
      "enable": true,
      "package": "egg-security",
      "name": "security",
      "dependencies": [],
      "optionalDependencies": [
        "session"
      ],
      "env": [],
      "from": "/home/sue/NodeProject/EggDemo/demo/node_modules/_egg@2.19.0@egg/config/plugin.js",
      "path": "/home/sue/NodeProject/EggDemo/demo/node_modules/_egg-security@2.4.3@egg-security",
      "version": "2.4.3"
    },
    "jsonp": {
      "enable": true,
      "package": "egg-jsonp",
      "name": "jsonp",
      "dependencies": [],
      "optionalDependencies": [
        "security"
      ],
      "env": [],
      "from": "/home/sue/NodeProject/EggDemo/demo/node_modules/_egg@2.19.0@egg/config/plugin.js",
      "path": "/home/sue/NodeProject/EggDemo/demo/node_modules/_egg-jsonp@2.0.0@egg-jsonp",
      "version": "2.0.0"
    },
    "onerror": {
      "enable": true,
      "package": "egg-onerror",
      "name": "onerror",
      "dependencies": [],
      "optionalDependencies": [
        "jsonp"
      ],
      "env": [],
      "from": "/home/sue/NodeProject/EggDemo/demo/node_modules/_egg@2.19.0@egg/config/plugin.js",
      "path": "/home/sue/NodeProject/EggDemo/demo/node_modules/_egg-onerror@2.1.0@egg-onerror",
      "version": "2.1.0"
    },
    "i18n": {
      "enable": true,
      "package": "egg-i18n",
      "name": "i18n",
      "dependencies": [],
      "optionalDependencies": [],
      "env": [],
      "from": "/home/sue/NodeProject/EggDemo/demo/node_modules/_egg@2.19.0@egg/config/plugin.js",
      "path": "/home/sue/NodeProject/EggDemo/demo/node_modules/_egg-i18n@2.0.0@egg-i18n",
      "version": "2.0.0"
    },
    "watcher": {
      "enable": true,
      "package": "egg-watcher",
      "name": "watcher",
      "dependencies": [],
      "optionalDependencies": [],
      "env": [],
      "from": "/home/sue/NodeProject/EggDemo/demo/node_modules/_egg@2.19.0@egg/config/plugin.js",
      "path": "/home/sue/NodeProject/EggDemo/demo/node_modules/_egg-watcher@3.1.0@egg-watcher",
      "version": "3.1.0"
    },
    "schedule": {
      "enable": true,
      "package": "egg-schedule",
      "name": "schedule",
      "dependencies": [],
      "optionalDependencies": [],
      "env": [],
      "from": "/home/sue/NodeProject/EggDemo/demo/node_modules/_egg@2.19.0@egg/config/plugin.js",
      "path": "/home/sue/NodeProject/EggDemo/demo/node_modules/_egg-schedule@3.6.0@egg-schedule",
      "version": "3.6.0"
    },
    "multipart": {
      "enable": true,
      "package": "egg-multipart",
      "name": "multipart",
      "dependencies": [],
      "optionalDependencies": [
        "schedule"
      ],
      "env": [],
      "from": "/home/sue/NodeProject/EggDemo/demo/node_modules/_egg@2.19.0@egg/config/plugin.js",
      "path": "/home/sue/NodeProject/EggDemo/demo/node_modules/_egg-multipart@2.4.0@egg-multipart",
      "version": "2.4.0"
    },
    "development": {
      "enable": true,
      "package": "egg-development",
      "name": "development",
      "dependencies": [
        "watcher"
      ],
      "optionalDependencies": [],
      "env": [
        "local"
      ],
      "from": "/home/sue/NodeProject/EggDemo/demo/node_modules/_egg@2.19.0@egg/config/plugin.js",
      "path": "/home/sue/NodeProject/EggDemo/demo/node_modules/_egg-development@2.4.2@egg-development",
      "version": "2.4.2"
    },
    "logrotator": {
      "enable": true,
      "package": "egg-logrotator",
      "name": "logrotator",
      "dependencies": [
        "schedule"
      ],
      "optionalDependencies": [],
      "env": [],
      "from": "/home/sue/NodeProject/EggDemo/demo/node_modules/_egg@2.19.0@egg/config/plugin.js",
      "path": "/home/sue/NodeProject/EggDemo/demo/node_modules/_egg-logrotator@3.0.5@egg-logrotator",
      "version": "3.0.5"
    },
    "static": {
      "enable": true,
      "package": "egg-static",
      "name": "static",
      "dependencies": [],
      "optionalDependencies": [],
      "env": [],
      "from": "/home/sue/NodeProject/EggDemo/demo/node_modules/_egg@2.19.0@egg/config/plugin.js",
      "path": "/home/sue/NodeProject/EggDemo/demo/node_modules/_egg-static@2.2.0@egg-static",
      "version": "2.2.0"
    },
    "view": {
      "enable": true,
      "package": "egg-view",
      "name": "view",
      "dependencies": [],
      "optionalDependencies": [],
      "env": [],
      "from": "/home/sue/NodeProject/EggDemo/demo/node_modules/_egg@2.19.0@egg/config/plugin.js",
      "path": "/home/sue/NodeProject/EggDemo/demo/node_modules/_egg-view@2.1.2@egg-view",
      "version": "2.1.2"
    },
    "nunjucks": {
      "enable": true,
      "package": "egg-view-nunjucks",
      "name": "nunjucks",
      "dependencies": [
        "security",
        "view"
      ],
      "optionalDependencies": [],
      "env": [],
      "from": "/home/sue/NodeProject/EggDemo/demo/config/plugin.js",
      "path": "/home/sue/NodeProject/EggDemo/demo/node_modules/_egg-view-nunjucks@2.2.0@egg-view-nunjucks",
      "version": "2.2.0"
    },
    "ejs": {
      "enable": true,
      "package": "egg-view-ejs",
      "name": "ejs",
      "dependencies": [
        "view"
      ],
      "optionalDependencies": [],
      "env": [],
      "from": "/home/sue/NodeProject/EggDemo/demo/config/plugin.js",
      "path": "/home/sue/NodeProject/EggDemo/demo/node_modules/_egg-view-ejs@2.0.0@egg-view-ejs",
      "version": "2.0.0"
    },
    "mysql": {
      "enable": true,
      "package": "egg-mysql",
      "name": "mysql",
      "dependencies": [],
      "optionalDependencies": [],
      "env": [],
      "from": "/home/sue/NodeProject/EggDemo/demo/config/plugin.js",
      "path": "/home/sue/NodeProject/EggDemo/demo/node_modules/_egg-mysql@3.0.0@egg-mysql",
      "version": "3.0.0"
    }
  }
}