[
  {
    "name": "Application Start",
    "start": 1552014033991,
    "end": 1552014034170,
    "duration": 179,
    "pid": 15374,
    "index": 0
  },
  {
    "name": "Load Plugin",
    "start": 1552014033993,
    "end": 1552014033999,
    "duration": 6,
    "pid": 15374,
    "index": 1
  },
  {
    "name": "Load Config",
    "start": 1552014033999,
    "end": 1552014034009,
    "duration": 10,
    "pid": 15374,
    "index": 2
  },
  {
    "name": "Require(0) config/config.default.js",
    "start": 1552014034000,
    "end": 1552014034000,
    "duration": 0,
    "pid": 15374,
    "index": 3
  },
  {
    "name": "Require(1) node_modules/_egg-session@3.1.0@egg-session/config/config.default.js",
    "start": 1552014034000,
    "end": 1552014034001,
    "duration": 1,
    "pid": 15374,
    "index": 4
  },
  {
    "name": "Require(2) node_modules/_egg-security@2.4.3@egg-security/config/config.default.js",
    "start": 1552014034001,
    "end": 1552014034001,
    "duration": 0,
    "pid": 15374,
    "index": 5
  },
  {
    "name": "Require(3) node_modules/_egg-jsonp@2.0.0@egg-jsonp/config/config.default.js",
    "start": 1552014034001,
    "end": 1552014034001,
    "duration": 0,
    "pid": 15374,
    "index": 6
  },
  {
    "name": "Require(4) node_modules/_egg-onerror@2.1.0@egg-onerror/config/config.default.js",
    "start": 1552014034001,
    "end": 1552014034002,
    "duration": 1,
    "pid": 15374,
    "index": 7
  },
  {
    "name": "Require(5) node_modules/_egg-i18n@2.0.0@egg-i18n/config/config.default.js",
    "start": 1552014034002,
    "end": 1552014034002,
    "duration": 0,
    "pid": 15374,
    "index": 8
  },
  {
    "name": "Require(6) node_modules/_egg-watcher@3.1.0@egg-watcher/config/config.default.js",
    "start": 1552014034002,
    "end": 1552014034002,
    "duration": 0,
    "pid": 15374,
    "index": 9
  },
  {
    "name": "Require(7) node_modules/_egg-schedule@3.6.0@egg-schedule/config/config.default.js",
    "start": 1552014034002,
    "end": 1552014034002,
    "duration": 0,
    "pid": 15374,
    "index": 10
  },
  {
    "name": "Require(8) node_modules/_egg-multipart@2.4.0@egg-multipart/config/config.default.js",
    "start": 1552014034003,
    "end": 1552014034003,
    "duration": 0,
    "pid": 15374,
    "index": 11
  },
  {
    "name": "Require(9) node_modules/_egg-development@2.4.2@egg-development/config/config.default.js",
    "start": 1552014034003,
    "end": 1552014034003,
    "duration": 0,
    "pid": 15374,
    "index": 12
  },
  {
    "name": "Require(10) node_modules/_egg-logrotator@3.0.5@egg-logrotator/config/config.default.js",
    "start": 1552014034003,
    "end": 1552014034003,
    "duration": 0,
    "pid": 15374,
    "index": 13
  },
  {
    "name": "Require(11) node_modules/_egg-static@2.2.0@egg-static/config/config.default.js",
    "start": 1552014034003,
    "end": 1552014034004,
    "duration": 1,
    "pid": 15374,
    "index": 14
  },
  {
    "name": "Require(12) node_modules/_egg-view@2.1.2@egg-view/config/config.default.js",
    "start": 1552014034004,
    "end": 1552014034004,
    "duration": 0,
    "pid": 15374,
    "index": 15
  },
  {
    "name": "Require(13) node_modules/_egg-view-nunjucks@2.2.0@egg-view-nunjucks/config/config.default.js",
    "start": 1552014034004,
    "end": 1552014034004,
    "duration": 0,
    "pid": 15374,
    "index": 16
  },
  {
    "name": "Require(14) node_modules/_egg-view-ejs@2.0.0@egg-view-ejs/config/config.default.js",
    "start": 1552014034004,
    "end": 1552014034004,
    "duration": 0,
    "pid": 15374,
    "index": 17
  },
  {
    "name": "Require(15) node_modules/_egg-mysql@3.0.0@egg-mysql/config/config.default.js",
    "start": 1552014034004,
    "end": 1552014034004,
    "duration": 0,
    "pid": 15374,
    "index": 18
  },
  {
    "name": "Require(16) node_modules/_egg@2.19.0@egg/config/config.default.js",
    "start": 1552014034005,
    "end": 1552014034005,
    "duration": 0,
    "pid": 15374,
    "index": 19
  },
  {
    "name": "Require(17) config/config.default.js",
    "start": 1552014034006,
    "end": 1552014034007,
    "duration": 1,
    "pid": 15374,
    "index": 20
  },
  {
    "name": "Require(18) node_modules/_egg-security@2.4.3@egg-security/config/config.local.js",
    "start": 1552014034007,
    "end": 1552014034008,
    "duration": 1,
    "pid": 15374,
    "index": 21
  },
  {
    "name": "Require(19) node_modules/_egg-watcher@3.1.0@egg-watcher/config/config.local.js",
    "start": 1552014034008,
    "end": 1552014034008,
    "duration": 0,
    "pid": 15374,
    "index": 22
  },
  {
    "name": "Require(20) node_modules/_egg-view@2.1.2@egg-view/config/config.local.js",
    "start": 1552014034008,
    "end": 1552014034008,
    "duration": 0,
    "pid": 15374,
    "index": 23
  },
  {
    "name": "Require(21) node_modules/_egg-view-nunjucks@2.2.0@egg-view-nunjucks/config/config.local.js",
    "start": 1552014034008,
    "end": 1552014034008,
    "duration": 0,
    "pid": 15374,
    "index": 24
  },
  {
    "name": "Require(22) node_modules/_egg-view-ejs@2.0.0@egg-view-ejs/config/config.local.js",
    "start": 1552014034008,
    "end": 1552014034008,
    "duration": 0,
    "pid": 15374,
    "index": 25
  },
  {
    "name": "Require(23) node_modules/_egg@2.19.0@egg/config/config.local.js",
    "start": 1552014034008,
    "end": 1552014034009,
    "duration": 1,
    "pid": 15374,
    "index": 26
  },
  {
    "name": "Load extend/application.js",
    "start": 1552014034009,
    "end": 1552014034028,
    "duration": 19,
    "pid": 15374,
    "index": 27
  },
  {
    "name": "Require(24) node_modules/_egg-session@3.1.0@egg-session/app/extend/application.js",
    "start": 1552014034010,
    "end": 1552014034010,
    "duration": 0,
    "pid": 15374,
    "index": 28
  },
  {
    "name": "Require(25) node_modules/_egg-security@2.4.3@egg-security/app/extend/application.js",
    "start": 1552014034010,
    "end": 1552014034010,
    "duration": 0,
    "pid": 15374,
    "index": 29
  },
  {
    "name": "Require(26) node_modules/_egg-jsonp@2.0.0@egg-jsonp/app/extend/application.js",
    "start": 1552014034010,
    "end": 1552014034011,
    "duration": 1,
    "pid": 15374,
    "index": 30
  },
  {
    "name": "Require(27) node_modules/_egg-logrotator@3.0.5@egg-logrotator/app/extend/application.js",
    "start": 1552014034011,
    "end": 1552014034011,
    "duration": 0,
    "pid": 15374,
    "index": 31
  },
  {
    "name": "Require(28) node_modules/_egg-view@2.1.2@egg-view/app/extend/application.js",
    "start": 1552014034011,
    "end": 1552014034012,
    "duration": 1,
    "pid": 15374,
    "index": 32
  },
  {
    "name": "Require(29) node_modules/_egg-view-nunjucks@2.2.0@egg-view-nunjucks/app/extend/application.js",
    "start": 1552014034012,
    "end": 1552014034027,
    "duration": 15,
    "pid": 15374,
    "index": 33
  },
  {
    "name": "Load extend/request.js",
    "start": 1552014034028,
    "end": 1552014034029,
    "duration": 1,
    "pid": 15374,
    "index": 34
  },
  {
    "name": "Require(30) node_modules/_egg@2.19.0@egg/app/extend/request.js",
    "start": 1552014034028,
    "end": 1552014034029,
    "duration": 1,
    "pid": 15374,
    "index": 35
  },
  {
    "name": "Load extend/response.js",
    "start": 1552014034029,
    "end": 1552014034030,
    "duration": 1,
    "pid": 15374,
    "index": 36
  },
  {
    "name": "Require(31) node_modules/_egg@2.19.0@egg/app/extend/response.js",
    "start": 1552014034029,
    "end": 1552014034030,
    "duration": 1,
    "pid": 15374,
    "index": 37
  },
  {
    "name": "Load extend/context.js",
    "start": 1552014034030,
    "end": 1552014034055,
    "duration": 25,
    "pid": 15374,
    "index": 38
  },
  {
    "name": "Require(32) node_modules/_egg-security@2.4.3@egg-security/app/extend/context.js",
    "start": 1552014034030,
    "end": 1552014034032,
    "duration": 2,
    "pid": 15374,
    "index": 39
  },
  {
    "name": "Require(33) node_modules/_egg-jsonp@2.0.0@egg-jsonp/app/extend/context.js",
    "start": 1552014034032,
    "end": 1552014034033,
    "duration": 1,
    "pid": 15374,
    "index": 40
  },
  {
    "name": "Require(34) node_modules/_egg-i18n@2.0.0@egg-i18n/app/extend/context.js",
    "start": 1552014034033,
    "end": 1552014034033,
    "duration": 0,
    "pid": 15374,
    "index": 41
  },
  {
    "name": "Require(35) node_modules/_egg-multipart@2.4.0@egg-multipart/app/extend/context.js",
    "start": 1552014034033,
    "end": 1552014034054,
    "duration": 21,
    "pid": 15374,
    "index": 42
  },
  {
    "name": "Require(36) node_modules/_egg-view@2.1.2@egg-view/app/extend/context.js",
    "start": 1552014034054,
    "end": 1552014034054,
    "duration": 0,
    "pid": 15374,
    "index": 43
  },
  {
    "name": "Require(37) node_modules/_egg@2.19.0@egg/app/extend/context.js",
    "start": 1552014034054,
    "end": 1552014034055,
    "duration": 1,
    "pid": 15374,
    "index": 44
  },
  {
    "name": "Load extend/helper.js",
    "start": 1552014034055,
    "end": 1552014034061,
    "duration": 6,
    "pid": 15374,
    "index": 45
  },
  {
    "name": "Require(38) node_modules/_egg-security@2.4.3@egg-security/app/extend/helper.js",
    "start": 1552014034055,
    "end": 1552014034060,
    "duration": 5,
    "pid": 15374,
    "index": 46
  },
  {
    "name": "Require(39) node_modules/_egg@2.19.0@egg/app/extend/helper.js",
    "start": 1552014034060,
    "end": 1552014034060,
    "duration": 0,
    "pid": 15374,
    "index": 47
  },
  {
    "name": "Load app.js",
    "start": 1552014034061,
    "end": 1552014034077,
    "duration": 16,
    "pid": 15374,
    "index": 48
  },
  {
    "name": "Require(40) node_modules/_egg-session@3.1.0@egg-session/app.js",
    "start": 1552014034061,
    "end": 1552014034061,
    "duration": 0,
    "pid": 15374,
    "index": 49
  },
  {
    "name": "Require(41) node_modules/_egg-security@2.4.3@egg-security/app.js",
    "start": 1552014034061,
    "end": 1552014034061,
    "duration": 0,
    "pid": 15374,
    "index": 50
  },
  {
    "name": "Require(42) node_modules/_egg-onerror@2.1.0@egg-onerror/app.js",
    "start": 1552014034061,
    "end": 1552014034064,
    "duration": 3,
    "pid": 15374,
    "index": 51
  },
  {
    "name": "Require(43) node_modules/_egg-i18n@2.0.0@egg-i18n/app.js",
    "start": 1552014034064,
    "end": 1552014034066,
    "duration": 2,
    "pid": 15374,
    "index": 52
  },
  {
    "name": "Require(44) node_modules/_egg-watcher@3.1.0@egg-watcher/app.js",
    "start": 1552014034066,
    "end": 1552014034067,
    "duration": 1,
    "pid": 15374,
    "index": 53
  },
  {
    "name": "Require(45) node_modules/_egg-schedule@3.6.0@egg-schedule/app.js",
    "start": 1552014034067,
    "end": 1552014034068,
    "duration": 1,
    "pid": 15374,
    "index": 54
  },
  {
    "name": "Require(46) node_modules/_egg-multipart@2.4.0@egg-multipart/app.js",
    "start": 1552014034068,
    "end": 1552014034069,
    "duration": 1,
    "pid": 15374,
    "index": 55
  },
  {
    "name": "Require(47) node_modules/_egg-development@2.4.2@egg-development/app.js",
    "start": 1552014034069,
    "end": 1552014034069,
    "duration": 0,
    "pid": 15374,
    "index": 56
  },
  {
    "name": "Require(48) node_modules/_egg-logrotator@3.0.5@egg-logrotator/app.js",
    "start": 1552014034069,
    "end": 1552014034069,
    "duration": 0,
    "pid": 15374,
    "index": 57
  },
  {
    "name": "Require(49) node_modules/_egg-static@2.2.0@egg-static/app.js",
    "start": 1552014034069,
    "end": 1552014034069,
    "duration": 0,
    "pid": 15374,
    "index": 58
  },
  {
    "name": "Require(50) node_modules/_egg-view-nunjucks@2.2.0@egg-view-nunjucks/app.js",
    "start": 1552014034069,
    "end": 1552014034069,
    "duration": 0,
    "pid": 15374,
    "index": 59
  },
  {
    "name": "Require(51) node_modules/_egg-view-ejs@2.0.0@egg-view-ejs/app.js",
    "start": 1552014034069,
    "end": 1552014034069,
    "duration": 0,
    "pid": 15374,
    "index": 60
  },
  {
    "name": "Require(52) node_modules/_egg-mysql@3.0.0@egg-mysql/app.js",
    "start": 1552014034069,
    "end": 1552014034077,
    "duration": 8,
    "pid": 15374,
    "index": 61
  },
  {
    "name": "Before Start in node_modules/_egg-watcher@3.1.0@egg-watcher/lib/init.js:15:14",
    "start": 1552014034084,
    "end": 1552014034167,
    "duration": 83,
    "pid": 15374,
    "index": 62
  },
  {
    "name": "Before Start in node_modules/_egg-mysql@3.0.0@egg-mysql/lib/mysql.js:20:7",
    "start": 1552014034126,
    "end": 1552014034170,
    "duration": 44,
    "pid": 15374,
    "index": 63
  },
  {
    "name": "Load Service",
    "start": 1552014034126,
    "end": 1552014034128,
    "duration": 2,
    "pid": 15374,
    "index": 64
  },
  {
    "name": "Load \"service\" to Context",
    "start": 1552014034126,
    "end": 1552014034128,
    "duration": 2,
    "pid": 15374,
    "index": 65
  },
  {
    "name": "Load Middleware",
    "start": 1552014034129,
    "end": 1552014034152,
    "duration": 23,
    "pid": 15374,
    "index": 66
  },
  {
    "name": "Load \"middlewares\" to Application",
    "start": 1552014034129,
    "end": 1552014034148,
    "duration": 19,
    "pid": 15374,
    "index": 67
  },
  {
    "name": "Load Controller",
    "start": 1552014034152,
    "end": 1552014034153,
    "duration": 1,
    "pid": 15374,
    "index": 68
  },
  {
    "name": "Load \"controller\" to Application",
    "start": 1552014034152,
    "end": 1552014034153,
    "duration": 1,
    "pid": 15374,
    "index": 69
  },
  {
    "name": "Load Router",
    "start": 1552014034153,
    "end": 1552014034154,
    "duration": 1,
    "pid": 15374,
    "index": 70
  },
  {
    "name": "Require(53) app/router.js",
    "start": 1552014034153,
    "end": 1552014034153,
    "duration": 0,
    "pid": 15374,
    "index": 71
  },
  {
    "name": "Before Start in node_modules/_egg-core@4.14.1@egg-core/lib/egg.js:303:10",
    "start": 1552014034153,
    "end": 1552014034161,
    "duration": 8,
    "pid": 15374,
    "index": 72
  }
]